Time [s], X-Pos [m], Y-Pos [m], phi [rad], dX-Pos [m/s], dY-Pos [m/s], dphi [rad/s], Path Vel [m/s]
0,0,0,0,0,0,0,0
1,8.14139e-16,0.0489864,1.5708,2.44242e-15,0.146959,0,0.146959
2,4.9346e-15,0.296912,1.5708,4.98488e-15,0.299938,0,0.299938
3,9.92051e-15,0.596912,1.5708,4.98591e-15,0.3,0,0.3
4,1.49064e-14,0.896912,1.5708,4.98591e-15,0.3,0,0.3
5,1.98923e-14,1.19691,1.5708,4.98591e-15,0.3,0,0.3
6,2.48783e-14,1.49691,1.5708,4.98591e-15,0.3,0,0.3
7,2.98642e-14,1.79691,1.5708,4.98591e-15,0.3,0,0.3
8,3.48501e-14,2.09691,1.5708,4.98591e-15,0.3,0,0.3
9,3.9836e-14,2.39691,1.5708,4.98591e-15,0.3,0,0.3
10,4.48219e-14,2.69691,1.5708,4.98591e-15,0.3,0,0.3
11,4.98078e-14,2.99691,1.5708,4.98591e-15,0.3,0,0.3
12,5.47937e-14,3.29691,1.5708,4.98591e-15,0.3,0,0.3
13,5.97796e-14,3.59691,1.5708,4.98591e-15,0.3,0,0.3
14,6.47656e-14,3.89691,1.5708,4.98591e-15,0.3,0,0.3
15,6.97515e-14,4.19691,1.5708,4.98591e-15,0.3,0,0.3
16,7.47374e-14,4.49691,1.5708,4.98591e-15,0.3,0,0.3
17,7.97233e-14,4.79691,1.5708,4.98591e-15,0.3,0,0.3
18,8.47092e-14,5.09691,1.5708,4.98591e-15,0.3,0,0.3
19,8.96951e-14,5.39691,1.5708,4.98591e-15,0.3,0,0.3
20,9.4681e-14,5.69691,1.5708,4.98591e-15,0.3,0,0.3
21,9.9667e-14,5.99691,1.5708,4.98591e-15,0.3,0,0.3
22,1.04653e-13,6.29691,1.5708,4.98591e-15,0.3,0,0.3
23,1.09639e-13,6.59691,1.5708,4.98591e-15,0.3,0,0.3
24,1.14625e-13,6.89691,1.5708,4.98591e-15,0.3,0,0.3
25,1.19611e-13,7.19691,1.5708,4.98591e-15,0.3,0,0.3
26,1.24597e-13,7.49691,1.5708,4.98591e-15,0.3,0,0.3
27,1.29582e-13,7.79691,1.5708,4.98591e-15,0.3,0,0.3
28,1.34568e-13,8.09691,1.5708,4.98591e-15,0.3,0,0.3
29,1.39554e-13,8.39691,1.5708,4.98591e-15,0.3,0,0.3
30,1.4454e-13,8.69691,1.5708,4.98591e-15,0.3,0,0.3
31,1.49526e-13,8.99691,1.5708,4.98591e-15,0.3,0,0.3
32,1.54512e-13,9.29691,1.5708,4.98591e-15,0.3,0,0.3
33,1.59498e-13,9.59691,1.5708,4.98591e-15,0.3,0,0.3
34,1.64484e-13,9.89691,1.5708,4.98591e-15,0.3,0,0.3
35,1.6947e-13,10.1969,1.5708,4.98591e-15,0.3,0,0.3
36,1.74456e-13,10.4969,1.5708,4.98591e-15,0.3,0,0.3
37,1.79442e-13,10.7969,1.5708,4.98591e-15,0.3,0,0.3
38,1.84276e-13,11.0878,1.5708,4.1977e-15,0.252573,0,0.252573
39,-0.00117538,11.4173,1.58702,-0.00352604,0.217287,0.0324523,0.217316
40,-0.00940037,11.6344,1.6357,-0.0140949,0.216858,0.0649046,0.217316
41,-0.0316875,11.8506,1.71683,-0.0316231,0.215003,0.0973569,0.217316
42,-0.0748642,12.0634,1.83041,-0.0557875,0.210033,0.129809,0.217316
43,-0.145207,12.2688,1.97645,-0.0857571,0.199679,0.162262,0.217316
44,-0.247765,12.4601,2.15494,-0.119846,0.181282,0.194714,0.217316
45,-0.38526,12.6297,2.36582,-0.155137,0.15218,0.224391,0.217316
46,-0.557471,12.7645,2.57398,-0.183238,0.116833,0.191939,0.217316
47,-0.751922,12.8637,2.7497,-0.20084,0.0830021,0.159486,0.217316
48,-0.959381,12.9307,2.89296,-0.210633,0.0534777,0.127034,0.217316
49,-1.17341,12.9708,3.00376,-0.215255,0.0298576,0.0945818,0.217316
50,-1.39008,12.9905,3.08212,-0.216932,0.0129168,0.0621295,0.217316
51,-1.60741,12.9967,3.12802,-0.217296,0.00294882,0.0296772,0.217316
52,-1.82475,12.9964,3.14147,-0.217316,2.57859e-05,-0.00277513,0.217316
53,-2.05616,13,3.14159,-0.299457,0,0,0.299457
54,-2.35614,13,3.14159,-0.3,0,0,0.3
55,-2.63524,13,3.14159,-0.229878,0,0,0.229878
56,-2.91731,12.9988,3.15782,-0.217287,-0.00352604,0.0324523,0.217316
57,-3.13445,12.9906,3.2065,-0.216858,-0.0140949,0.0649046,0.217316
58,-3.35056,12.9683,3.28763,-0.215003,-0.0316231,0.0973569,0.217316
59,-3.56342,12.9251,3.40121,-0.210033,-0.0557875,0.129809,0.217316
60,-3.76883,12.8548,3.54725,-0.199679,-0.0857571,0.162262,0.217316
61,-3.9601,12.7522,3.72573,-0.181282,-0.119846,0.194714,0.217316
62,-4.12971,12.6147,3.93661,-0.15218,-0.155137,0.224391,0.217316
63,-4.26449,12.4425,4.14478,-0.116833,-0.183238,0.191939,0.217316
64,-4.36374,12.2481,4.32049,-0.0830021,-0.20084,0.159486,0.217316
65,-4.43072,12.0406,4.46375,-0.0534777,-0.210633,0.127034,0.217316
66,-4.47082,11.8266,4.57456,-0.0298576,-0.215255,0.0945818,0.217316
67,-4.4905,11.6099,4.65292,-0.0129168,-0.216932,0.0621295,0.217316
68,-4.49668,11.3926,4.69882,-0.00294882,-0.217296,0.0296772,0.217316
69,-4.4964,11.1752,4.71227,-2.57859e-05,-0.217316,-0.00277513,0.217316
70,-4.5,10.9438,-1.5708,9.2824e-15,-0.299457,0,0.299457
71,-4.5,10.6439,-1.5708,9.29923e-15,-0.3,0,0.3
72,-4.5,10.3439,-1.5708,9.29923e-15,-0.3,0,0.3
73,-4.5,10.0439,-1.5708,9.29923e-15,-0.3,0,0.3
74,-4.5,9.74386,-1.5708,9.29923e-15,-0.3,0,0.3
75,-4.5,9.44386,-1.5708,9.29923e-15,-0.3,0,0.3
76,-4.5,9.14386,-1.5708,9.29923e-15,-0.3,0,0.3
77,-4.5,8.84386,-1.5708,9.29923e-15,-0.3,0,0.3
78,-4.5,8.54386,-1.5708,9.29923e-15,-0.3,0,0.3
79,-4.5,8.24386,-1.5708,9.29923e-15,-0.3,0,0.3
80,-4.5,7.94386,-1.5708,9.29923e-15,-0.3,0,0.3
81,-4.5,7.64386,-1.5708,9.29923e-15,-0.3,0,0.3
82,-4.5,7.34386,-1.5708,9.29923e-15,-0.3,0,0.3
83,-4.5,7.04386,-1.5708,9.29923e-15,-0.3,0,0.3
84,-4.5,6.74386,-1.5708,9.29923e-15,-0.3,0,0.3
85,-4.5,6.44386,-1.5708,9.29923e-15,-0.3,0,0.3
86,-4.5,6.14386,-1.5708,9.29923e-15,-0.3,0,0.3
87,-4.5,5.84386,-1.5708,9.29923e-15,-0.3,0,0.3
88,-4.5,5.54386,-1.5708,9.29923e-15,-0.3,0,0.3
89,-4.5,5.24386,-1.5708,9.29923e-15,-0.3,0,0.3
90,-4.5,4.94386,-1.5708,9.29923e-15,-0.3,0,0.3
91,-4.5,4.64386,-1.5708,9.29923e-15,-0.3,0,0.3
92,-4.5,4.34386,-1.5708,9.29923e-15,-0.3,0,0.3
93,-4.5,4.04386,-1.5708,9.29923e-15,-0.3,0,0.3
94,-4.5,3.74386,-1.5708,9.29923e-15,-0.3,0,0.3
95,-4.5,3.44386,-1.5708,9.29923e-15,-0.3,0,0.3
96,-4.5,3.14386,-1.5708,9.29923e-15,-0.3,0,0.3
97,-4.5,2.84386,-1.5708,9.29923e-15,-0.3,0,0.3
98,-4.5,2.54386,-1.5708,9.29923e-15,-0.3,0,0.3
99,-4.5,2.24386,-1.5708,9.29923e-15,-0.3,0,0.3
100,-4.5,1.94386,-1.5708,9.29923e-15,-0.3,0,0.3
101,-4.5,1.64386,-1.5708,9.29923e-15,-0.3,0,0.3
102,-4.5,1.35005,-1.5708,8.15133e-15,-0.262968,0,0.262968
103,-4.5,1.13621,-1.5708,6.55369e-15,-0.211427,0,0.211427
104,-4.49804,1.0033,-1.54088,0.00588392,-0.196628,0.0598305,0.196716
105,-4.48432,0.807132,-1.45114,0.023483,-0.195309,0.119661,0.196716
106,-4.44731,0.614117,-1.30156,0.0523256,-0.189629,0.179491,0.196716
107,-4.3765,0.430975,-1.09215,0.0906024,-0.174609,0.239322,0.196716
108,-4.26442,0.27003,-0.822915,0.133784,-0.144218,0.299152,0.196716
109,-4.10907,0.145823,-0.539773,0.168748,-0.1011,0.254145,0.196716
110,-3.92747,0.0661657,-0.315543,0.187003,-0.0610472,0.194315,0.196716
111,-3.73454,0.0232872,-0.151144,0.194473,-0.0296192,0.134484,0.196716
112,-3.53807,0.00674471,-0.0465746,0.196502,-0.00915864,0.0746537,0.196716
113,-3.34123,0.00492087,-0.00183624,0.196715,-0.000361216,0.0148232,0.196716
114,-3.06091,0,0,0.294938,0,0,0.294938
115,-2.78363,0,0,0.2212,0,0,0.2212
116,-2.5033,0.00196147,0.0299152,0.196628,0.00588392,0.0598305,0.196716
117,-2.30713,0.0156767,0.119661,0.195309,0.023483,0.119661,0.196716
118,-2.11412,0.0526895,0.269237,0.189629,0.0523256,0.179491,0.196716
119,-1.93097,0.123503,0.478644,0.174609,0.0906024,0.239322,0.196716
120,-1.77003,0.235576,0.747881,0.144218,0.133784,0.299152,0.196716
121,-1.64582,0.390931,1.03102,0.1011,0.168748,0.254145,0.196716
122,-1.56617,0.572526,1.25525,0.0610472,0.187003,0.194315,0.196716
123,-1.52329,0.765461,1.41965,0.0296192,0.194473,0.134484,0.196716
124,-1.50674,0.961925,1.52422,0.00915864,0.196502,0.0746537,0.196716
125,-1.50492,1.15877,1.56896,0.000361216,0.196715,0.0148232,0.196716
126,-1.5,1.43909,1.5708,9.14233e-15,0.294938,0,0.294938
127,-1.5,1.73877,1.5708,9.29923e-15,0.3,0,0.3
128,-1.5,2.03877,1.5708,9.29923e-15,0.3,0,0.3
129,-1.5,2.33877,1.5708,9.29923e-15,0.3,0,0.3
130,-1.5,2.63877,1.5708,9.29923e-15,0.3,0,0.3
131,-1.5,2.93877,1.5708,9.29923e-15,0.3,0,0.3
132,-1.5,3.23877,1.5708,9.29923e-15,0.3,0,0.3
133,-1.5,3.53877,1.5708,9.29923e-15,0.3,0,0.3
134,-1.5,3.83877,1.5708,9.29923e-15,0.3,0,0.3
135,-1.5,4.13877,1.5708,9.29923e-15,0.3,0,0.3
136,-1.5,4.43877,1.5708,9.29923e-15,0.3,0,0.3
137,-1.5,4.73877,1.5708,9.29923e-15,0.3,0,0.3
138,-1.5,5.03877,1.5708,9.29923e-15,0.3,0,0.3
139,-1.5,5.33877,1.5708,9.29923e-15,0.3,0,0.3
140,-1.5,5.63877,1.5708,9.29923e-15,0.3,0,0.3
141,-1.5,5.93877,1.5708,9.29923e-15,0.3,0,0.3
142,-1.5,6.23877,1.5708,9.29923e-15,0.3,0,0.3
143,-1.5,6.53877,1.5708,9.29923e-15,0.3,0,0.3
144,-1.5,6.83877,1.5708,9.29923e-15,0.3,0,0.3
145,-1.5,7.13877,1.5708,9.29923e-15,0.3,0,0.3
146,-1.5,7.43877,1.5708,9.29923e-15,0.3,0,0.3
147,-1.5,7.73877,1.5708,9.29923e-15,0.3,0,0.3
148,-1.5,8.03877,1.5708,9.29923e-15,0.3,0,0.3
149,-1.5,8.33877,1.5708,9.29923e-15,0.3,0,0.3
150,-1.5,8.63877,1.5708,9.29923e-15,0.3,0,0.3
151,-1.5,8.93877,1.5708,9.29923e-15,0.3,0,0.3
152,-1.5,9.23877,1.5708,9.29923e-15,0.3,0,0.3
153,-1.5,9.53877,1.5708,9.29923e-15,0.3,0,0.3
154,-1.5,9.83877,1.5708,9.29923e-15,0.3,0,0.3
155,-1.5,10.1388,1.5708,9.29923e-15,0.3,0,0.3
156,-1.5,10.4388,1.5708,9.29923e-15,0.3,0,0.3
157,-1.5,10.7388,1.5708,9.29923e-15,0.3,0,0.3
158,-1.5,11.0361,1.5708,8.65116e-15,0.279093,0,0.279093
159,-1.5,11.2703,1.5708,7.19225e-15,0.232027,0,0.232027
160,-1.50118,11.4173,1.58702,-0.00352604,0.217287,0.0324523,0.217316
161,-1.5094,11.6344,1.6357,-0.0140949,0.216858,0.0649046,0.217316
162,-1.53169,11.8506,1.71683,-0.0316231,0.215003,0.0973569,0.217316
163,-1.57486,12.0634,1.83041,-0.0557875,0.210033,0.129809,0.217316
164,-1.64521,12.2688,1.97645,-0.0857571,0.199679,0.162262,0.217316
165,-1.74777,12.4601,2.15494,-0.119846,0.181282,0.194714,0.217316
166,-1.88526,12.6297,2.36582,-0.155137,0.15218,0.224391,0.217316
167,-2.05747,12.7645,2.57398,-0.183238,0.116833,0.191939,0.217316
168,-2.25192,12.8637,2.7497,-0.20084,0.0830021,0.159486,0.217316
169,-2.45938,12.9307,2.89296,-0.210633,0.0534777,0.127034,0.217316
170,-2.67341,12.9708,3.00376,-0.215255,0.0298576,0.0945818,0.217316
171,-2.89008,12.9905,3.08212,-0.216932,0.0129168,0.0621295,0.217316
172,-3.10741,12.9967,3.12802,-0.217296,0.00294882,0.0296772,0.217316
173,-3.32475,12.9964,3.14147,-0.217316,2.57859e-05,-0.00277513,0.217316
174,-3.55616,13,3.14159,-0.299457,0,0,0.299457
175,-3.85614,13,3.14159,-0.3,0,0,0.3
176,-4.13524,13,3.14159,-0.229878,0,0,0.229878
177,-4.41731,12.9988,3.15782,-0.217287,-0.00352604,0.0324523,0.217316
178,-4.63445,12.9906,3.2065,-0.216858,-0.0140949,0.0649046,0.217316
179,-4.85056,12.9683,3.28763,-0.215003,-0.0316231,0.0973569,0.217316
180,-5.06342,12.9251,3.40121,-0.210033,-0.0557875,0.129809,0.217316
181,-5.26883,12.8548,3.54725,-0.199679,-0.0857571,0.162262,0.217316
182,-5.4601,12.7522,3.72573,-0.181282,-0.119846,0.194714,0.217316
183,-5.62971,12.6147,3.93661,-0.15218,-0.155137,0.224391,0.217316
184,-5.76449,12.4425,4.14478,-0.116833,-0.183238,0.191939,0.217316
185,-5.86374,12.2481,4.32049,-0.0830021,-0.20084,0.159486,0.217316
186,-5.93072,12.0406,4.46375,-0.0534777,-0.210633,0.127034,0.217316
187,-5.97082,11.8266,4.57456,-0.0298576,-0.215255,0.0945818,0.217316
188,-5.9905,11.6099,4.65292,-0.0129168,-0.216932,0.0621295,0.217316
189,-5.99668,11.3926,4.69882,-0.00294882,-0.217296,0.0296772,0.217316
190,-5.9964,11.1752,4.71227,-2.57859e-05,-0.217316,-0.00277513,0.217316
191,-6,10.9438,-1.5708,9.2824e-15,-0.299457,0,0.299457
192,-6,10.6439,-1.5708,9.29923e-15,-0.3,0,0.3
193,-6,10.3439,-1.5708,9.29923e-15,-0.3,0,0.3
194,-6,10.0439,-1.5708,9.29923e-15,-0.3,0,0.3
195,-6,9.74386,-1.5708,9.29923e-15,-0.3,0,0.3
196,-6,9.44386,-1.5708,9.29923e-15,-0.3,0,0.3
197,-6,9.14386,-1.5708,9.29923e-15,-0.3,0,0.3
198,-6,8.84386,-1.5708,9.29923e-15,-0.3,0,0.3
199,-6,8.54386,-1.5708,9.29923e-15,-0.3,0,0.3
200,-6,8.24386,-1.5708,9.29923e-15,-0.3,0,0.3
201,-6,7.94386,-1.5708,9.29923e-15,-0.3,0,0.3
202,-6,7.64386,-1.5708,9.29923e-15,-0.3,0,0.3
203,-6,7.34386,-1.5708,9.29923e-15,-0.3,0,0.3
204,-6,7.04386,-1.5708,9.29923e-15,-0.3,0,0.3
205,-6,6.74386,-1.5708,9.29923e-15,-0.3,0,0.3
206,-6,6.44386,-1.5708,9.29923e-15,-0.3,0,0.3
207,-6,6.14386,-1.5708,9.29923e-15,-0.3,0,0.3
208,-6,5.84386,-1.5708,9.29923e-15,-0.3,0,0.3
209,-6,5.54386,-1.5708,9.29923e-15,-0.3,0,0.3
210,-6,5.24386,-1.5708,9.29923e-15,-0.3,0,0.3
211,-6,4.94386,-1.5708,9.29923e-15,-0.3,0,0.3
212,-6,4.64386,-1.5708,9.29923e-15,-0.3,0,0.3
213,-6,4.34386,-1.5708,9.29923e-15,-0.3,0,0.3
214,-6,4.04386,-1.5708,9.29923e-15,-0.3,0,0.3
215,-6,3.74386,-1.5708,9.29923e-15,-0.3,0,0.3
216,-6,3.44386,-1.5708,9.29923e-15,-0.3,0,0.3
217,-6,3.14386,-1.5708,9.29923e-15,-0.3,0,0.3
218,-6,2.84386,-1.5708,9.29923e-15,-0.3,0,0.3
219,-6,2.54386,-1.5708,9.29923e-15,-0.3,0,0.3
220,-6,2.24386,-1.5708,9.29923e-15,-0.3,0,0.3
221,-6,1.94386,-1.5708,9.29923e-15,-0.3,0,0.3
222,-6,1.64386,-1.5708,9.29923e-15,-0.3,0,0.3
223,-6,1.35005,-1.5708,8.15133e-15,-0.262968,0,0.262968
224,-6,1.13621,-1.5708,6.55369e-15,-0.211427,0,0.211427
225,-5.99804,1.0033,-1.54088,0.00588392,-0.196628,0.0598305,0.196716
226,-5.98432,0.807132,-1.45114,0.023483,-0.195309,0.119661,0.196716
227,-5.94731,0.614117,-1.30156,0.0523256,-0.189629,0.179491,0.196716
228,-5.8765,0.430975,-1.09215,0.0906024,-0.174609,0.239322,0.196716
229,-5.76442,0.27003,-0.822915,0.133784,-0.144218,0.299152,0.196716
230,-5.60907,0.145823,-0.539773,0.168748,-0.1011,0.254145,0.196716
231,-5.42747,0.0661657,-0.315543,0.187003,-0.0610472,0.194315,0.196716
232,-5.23454,0.0232872,-0.151144,0.194473,-0.0296192,0.134484,0.196716
233,-5.03807,0.00674471,-0.0465746,0.196502,-0.00915864,0.0746537,0.196716
234,-4.84123,0.00492087,-0.00183624,0.196715,-0.000361216,0.0148232,0.196716
235,-4.56091,0,0,0.294938,0,0,0.294938
236,-4.28363,0,0,0.2212,0,0,0.2212
237,-4.0033,0.00196147,0.0299152,0.196628,0.00588392,0.0598305,0.196716
238,-3.80713,0.0156767,0.119661,0.195309,0.023483,0.119661,0.196716
239,-3.61412,0.0526895,0.269237,0.189629,0.0523256,0.179491,0.196716
240,-3.43097,0.123503,0.478644,0.174609,0.0906024,0.239322,0.196716
241,-3.27003,0.235576,0.747881,0.144218,0.133784,0.299152,0.196716
242,-3.14582,0.390931,1.03102,0.1011,0.168748,0.254145,0.196716
243,-3.06617,0.572526,1.25525,0.0610472,0.187003,0.194315,0.196716
244,-3.02329,0.765461,1.41965,0.0296192,0.194473,0.134484,0.196716
245,-3.00674,0.961925,1.52422,0.00915864,0.196502,0.0746537,0.196716
246,-3.00492,1.15877,1.56896,0.000361216,0.196715,0.0148232,0.196716
247,-3,1.43909,1.5708,9.14233e-15,0.294938,0,0.294938
248,-3,1.73877,1.5708,9.29923e-15,0.3,0,0.3
249,-3,2.03877,1.5708,9.29923e-15,0.3,0,0.3
250,-3,2.33877,1.5708,9.29923e-15,0.3,0,0.3
251,-3,2.63877,1.5708,9.29923e-15,0.3,0,0.3
252,-3,2.93877,1.5708,9.29923e-15,0.3,0,0.3
253,-3,3.23877,1.5708,9.29923e-15,0.3,0,0.3
254,-3,3.53877,1.5708,9.29923e-15,0.3,0,0.3
255,-3,3.83877,1.5708,9.29923e-15,0.3,0,0.3
256,-3,4.13877,1.5708,9.29923e-15,0.3,0,0.3
257,-3,4.43877,1.5708,9.29923e-15,0.3,0,0.3
258,-3,4.73877,1.5708,9.29923e-15,0.3,0,0.3
259,-3,5.03877,1.5708,9.29923e-15,0.3,0,0.3
260,-3,5.33877,1.5708,9.29923e-15,0.3,0,0.3
261,-3,5.63877,1.5708,9.29923e-15,0.3,0,0.3
262,-3,5.93877,1.5708,9.29923e-15,0.3,0,0.3
263,-3,6.23877,1.5708,9.29923e-15,0.3,0,0.3
264,-3,6.53877,1.5708,9.29923e-15,0.3,0,0.3
265,-3,6.83877,1.5708,9.29923e-15,0.3,0,0.3
266,-3,7.13877,1.5708,9.29923e-15,0.3,0,0.3
267,-3,7.43877,1.5708,9.29923e-15,0.3,0,0.3
268,-3,7.73877,1.5708,9.29923e-15,0.3,0,0.3
269,-3,8.03877,1.5708,9.29923e-15,0.3,0,0.3
270,-3,8.33877,1.5708,9.29923e-15,0.3,0,0.3
271,-3,8.63877,1.5708,9.29923e-15,0.3,0,0.3
272,-3,8.93877,1.5708,9.29923e-15,0.3,0,0.3
273,-3,9.23877,1.5708,9.29923e-15,0.3,0,0.3
274,-3,9.53877,1.5708,9.29923e-15,0.3,0,0.3
275,-3,9.83877,1.5708,9.29923e-15,0.3,0,0.3
276,-3,10.1388,1.5708,9.29923e-15,0.3,0,0.3
277,-3,10.4388,1.5708,9.29923e-15,0.3,0,0.3
278,-3,10.7388,1.5708,9.29923e-15,0.3,0,0.3
279,-3,11.0361,1.5708,8.65116e-15,0.279093,0,0.279093
280,-3,11.2703,1.5708,7.19225e-15,0.232027,0,0.232027
281,-3.00118,11.4173,1.58702,-0.00352604,0.217287,0.0324523,0.217316
282,-3.0094,11.6344,1.6357,-0.0140949,0.216858,0.0649046,0.217316
283,-3.03169,11.8506,1.71683,-0.0316231,0.215003,0.0973569,0.217316
284,-3.07486,12.0634,1.83041,-0.0557875,0.210033,0.129809,0.217316
285,-3.14521,12.2688,1.97645,-0.0857571,0.199679,0.162262,0.217316
286,-3.24777,12.4601,2.15494,-0.119846,0.181282,0.194714,0.217316
287,-3.38526,12.6297,2.36582,-0.155137,0.15218,0.224391,0.217316
288,-3.55747,12.7645,2.57398,-0.183238,0.116833,0.191939,0.217316
289,-3.75192,12.8637,2.7497,-0.20084,0.0830021,0.159486,0.217316
290,-3.95938,12.9307,2.89296,-0.210633,0.0534777,0.127034,0.217316
291,-4.17341,12.9708,3.00376,-0.215255,0.0298576,0.0945818,0.217316
292,-4.39008,12.9905,3.08212,-0.216932,0.0129168,0.0621295,0.217316
293,-4.60741,12.9967,3.12802,-0.217296,0.00294882,0.0296772,0.217316
294,-4.82475,12.9964,3.14147,-0.217316,2.57859e-05,-0.00277513,0.217316
295,-5.05616,13,3.14159,-0.299457,0,0,0.299457
296,-5.35614,13,3.14159,-0.3,0,0,0.3
297,-5.63524,13,3.14159,-0.229878,0,0,0.229878
298,-5.91731,12.9988,3.15782,-0.217287,-0.00352604,0.0324523,0.217316
299,-6.13445,12.9906,3.2065,-0.216858,-0.0140949,0.0649046,0.217316
300,-6.35056,12.9683,3.28763,-0.215003,-0.0316231,0.0973569,0.217316
301,-6.56342,12.9251,3.40121,-0.210033,-0.0557875,0.129809,0.217316
302,-6.76883,12.8548,3.54725,-0.199679,-0.0857571,0.162262,0.217316
303,-6.9601,12.7522,3.72573,-0.181282,-0.119846,0.194714,0.217316
304,-7.12971,12.6147,3.93661,-0.15218,-0.155137,0.224391,0.217316
305,-7.26449,12.4425,4.14478,-0.116833,-0.183238,0.191939,0.217316
306,-7.36374,12.2481,4.32049,-0.0830021,-0.20084,0.159486,0.217316
307,-7.43072,12.0406,4.46375,-0.0534777,-0.210633,0.127034,0.217316
308,-7.47082,11.8266,4.57456,-0.0298576,-0.215255,0.0945818,0.217316
309,-7.4905,11.6099,4.65292,-0.0129168,-0.216932,0.0621295,0.217316
310,-7.49668,11.3926,4.69882,-0.00294882,-0.217296,0.0296772,0.217316
311,-7.4964,11.1752,4.71227,-2.57859e-05,-0.217316,-0.00277513,0.217316
312,-7.5,10.9438,-1.5708,9.2824e-15,-0.299457,0,0.299457
313,-7.5,10.6439,-1.5708,9.29923e-15,-0.3,0,0.3
314,-7.5,10.3439,-1.5708,9.29923e-15,-0.3,0,0.3
315,-7.5,10.0439,-1.5708,9.29923e-15,-0.3,0,0.3
316,-7.5,9.74386,-1.5708,9.29923e-15,-0.3,0,0.3
317,-7.5,9.44386,-1.5708,9.29923e-15,-0.3,0,0.3
318,-7.5,9.14386,-1.5708,9.29923e-15,-0.3,0,0.3
319,-7.5,8.84386,-1.5708,9.29923e-15,-0.3,0,0.3
320,-7.5,8.54386,-1.5708,9.29923e-15,-0.3,0,0.3
321,-7.5,8.24386,-1.5708,9.29923e-15,-0.3,0,0.3
322,-7.5,7.94386,-1.5708,9.29923e-15,-0.3,0,0.3
323,-7.5,7.64386,-1.5708,9.29923e-15,-0.3,0,0.3
324,-7.5,7.34386,-1.5708,9.29923e-15,-0.3,0,0.3
325,-7.5,7.04386,-1.5708,9.29923e-15,-0.3,0,0.3
326,-7.5,6.74386,-1.5708,9.29923e-15,-0.3,0,0.3
327,-7.5,6.44386,-1.5708,9.29923e-15,-0.3,0,0.3
328,-7.5,6.14386,-1.5708,9.29923e-15,-0.3,0,0.3
329,-7.5,5.84386,-1.5708,9.29923e-15,-0.3,0,0.3
330,-7.5,5.54386,-1.5708,9.29923e-15,-0.3,0,0.3
331,-7.5,5.24386,-1.5708,9.29923e-15,-0.3,0,0.3
332,-7.5,4.94386,-1.5708,9.29923e-15,-0.3,0,0.3
333,-7.5,4.64386,-1.5708,9.29923e-15,-0.3,0,0.3
334,-7.5,4.34386,-1.5708,9.29923e-15,-0.3,0,0.3
335,-7.5,4.04386,-1.5708,9.29923e-15,-0.3,0,0.3
336,-7.5,3.74386,-1.5708,9.29923e-15,-0.3,0,0.3
337,-7.5,3.44386,-1.5708,9.29923e-15,-0.3,0,0.3
338,-7.5,3.14386,-1.5708,9.29923e-15,-0.3,0,0.3
339,-7.5,2.84386,-1.5708,9.29923e-15,-0.3,0,0.3
340,-7.5,2.54386,-1.5708,9.29923e-15,-0.3,0,0.3
341,-7.5,2.24386,-1.5708,9.29923e-15,-0.3,0,0.3
342,-7.5,1.94386,-1.5708,9.29923e-15,-0.3,0,0.3
343,-7.5,1.64386,-1.5708,9.29923e-15,-0.3,0,0.3
344,-7.5,1.35005,-1.5708,8.15133e-15,-0.262968,0,0.262968
345,-7.5,1.13621,-1.5708,6.55369e-15,-0.211427,0,0.211427
346,-7.49804,1.0033,-1.54088,0.00588392,-0.196628,0.0598305,0.196716
347,-7.48432,0.807132,-1.45114,0.023483,-0.195309,0.119661,0.196716
348,-7.44731,0.614117,-1.30156,0.0523256,-0.189629,0.179491,0.196716
349,-7.3765,0.430975,-1.09215,0.0906024,-0.174609,0.239322,0.196716
350,-7.26442,0.27003,-0.822915,0.133784,-0.144218,0.299152,0.196716
351,-7.10907,0.145823,-0.539773,0.168748,-0.1011,0.254145,0.196716
352,-6.92747,0.0661657,-0.315543,0.187003,-0.0610472,0.194315,0.196716
353,-6.73454,0.0232872,-0.151144,0.194473,-0.0296192,0.134484,0.196716
354,-6.53807,0.00674471,-0.0465746,0.196502,-0.00915864,0.0746537,0.196716
355,-6.34123,0.00492087,-0.00183624,0.196715,-0.000361216,0.0148232,0.196716
356,-6.06091,0,0,0.294938,0,0,0.294938
357,-5.78363,0,0,0.2212,0,0,0.2212
358,-5.5033,0.00196147,0.0299152,0.196628,0.00588392,0.0598305,0.196716
359,-5.30713,0.0156767,0.119661,0.195309,0.023483,0.119661,0.196716
360,-5.11412,0.0526895,0.269237,0.189629,0.0523256,0.179491,0.196716
361,-4.93097,0.123503,0.478644,0.174609,0.0906024,0.239322,0.196716
362,-4.77003,0.235576,0.747881,0.144218,0.133784,0.299152,0.196716
363,-4.64582,0.390931,1.03102,0.1011,0.168748,0.254145,0.196716
364,-4.56617,0.572526,1.25525,0.0610472,0.187003,0.194315,0.196716
365,-4.52329,0.765461,1.41965,0.0296192,0.194473,0.134484,0.196716
366,-4.50674,0.961925,1.52422,0.00915864,0.196502,0.0746537,0.196716
367,-4.50492,1.15877,1.56896,0.000361216,0.196715,0.0148232,0.196716
368,-4.5,1.43909,1.5708,9.16852e-15,0.294938,0,0.294938
369,-4.5,1.73877,1.5708,9.32587e-15,0.3,0,0.3
370,-4.5,2.03877,1.5708,9.32587e-15,0.3,0,0.3
371,-4.5,2.33877,1.5708,9.32587e-15,0.3,0,0.3
372,-4.5,2.63877,1.5708,9.32587e-15,0.3,0,0.3
373,-4.5,2.93877,1.5708,9.32587e-15,0.3,0,0.3
374,-4.5,3.23877,1.5708,9.32587e-15,0.3,0,0.3
375,-4.5,3.53877,1.5708,9.32587e-15,0.3,0,0.3
376,-4.5,3.83877,1.5708,9.32587e-15,0.3,0,0.3
377,-4.5,4.13877,1.5708,9.32587e-15,0.3,0,0.3
378,-4.5,4.43877,1.5708,9.32587e-15,0.3,0,0.3
379,-4.5,4.73877,1.5708,9.32587e-15,0.3,0,0.3
380,-4.5,5.03877,1.5708,9.32587e-15,0.3,0,0.3
381,-4.5,5.33877,1.5708,9.32587e-15,0.3,0,0.3
382,-4.5,5.63877,1.5708,9.32587e-15,0.3,0,0.3
383,-4.5,5.93877,1.5708,9.32587e-15,0.3,0,0.3
384,-4.5,6.23877,1.5708,9.32587e-15,0.3,0,0.3
385,-4.5,6.53877,1.5708,9.32587e-15,0.3,0,0.3
386,-4.5,6.83877,1.5708,9.32587e-15,0.3,0,0.3
387,-4.5,7.13877,1.5708,9.32587e-15,0.3,0,0.3
388,-4.5,7.43877,1.5708,9.32587e-15,0.3,0,0.3
389,-4.5,7.73877,1.5708,9.32587e-15,0.3,0,0.3
390,-4.5,8.03877,1.5708,9.32587e-15,0.3,0,0.3
391,-4.5,8.33877,1.5708,9.32587e-15,0.3,0,0.3
392,-4.5,8.63877,1.5708,9.32587e-15,0.3,0,0.3
393,-4.5,8.93877,1.5708,9.32587e-15,0.3,0,0.3
394,-4.5,9.23877,1.5708,9.32587e-15,0.3,0,0.3
395,-4.5,9.53877,1.5708,9.32587e-15,0.3,0,0.3
396,-4.5,9.83877,1.5708,9.32587e-15,0.3,0,0.3
397,-4.5,10.1388,1.5708,9.32587e-15,0.3,0,0.3
398,-4.5,10.4388,1.5708,9.32587e-15,0.3,0,0.3
399,-4.5,10.7388,1.5708,9.32587e-15,0.3,0,0.3
400,-4.5,11.0361,1.5708,8.67595e-15,0.279093,0,0.279093
401,-4.5,11.2703,1.5708,7.21286e-15,0.232027,0,0.232027
402,-4.50118,11.4173,1.58702,-0.00352604,0.217287,0.0324523,0.217316
403,-4.5094,11.6344,1.6357,-0.0140949,0.216858,0.0649046,0.217316
404,-4.53169,11.8506,1.71683,-0.0316231,0.215003,0.0973569,0.217316
405,-4.57486,12.0634,1.83041,-0.0557875,0.210033,0.129809,0.217316
406,-4.64521,12.2688,1.97645,-0.0857571,0.199679,0.162262,0.217316
407,-4.74777,12.4601,2.15494,-0.119846,0.181282,0.194714,0.217316
408,-4.88526,12.6297,2.36582,-0.155137,0.15218,0.224391,0.217316
409,-5.05747,12.7645,2.57398,-0.183238,0.116833,0.191939,0.217316
410,-5.25192,12.8637,2.7497,-0.20084,0.0830021,0.159486,0.217316
411,-5.45938,12.9307,2.89296,-0.210633,0.0534777,0.127034,0.217316
412,-5.67341,12.9708,3.00376,-0.215255,0.0298576,0.0945818,0.217316
413,-5.89008,12.9905,3.08212,-0.216932,0.0129168,0.0621295,0.217316
414,-6.10741,12.9967,3.12802,-0.217296,0.00294882,0.0296772,0.217316
415,-6.32475,12.9964,3.14147,-0.217316,2.57859e-05,-0.00277513,0.217316
416,-6.55616,13,3.14159,-0.299457,0,0,0.299457
417,-6.85614,13,3.14159,-0.3,0,0,0.3
418,-7.13524,13,3.14159,-0.229878,0,0,0.229878
419,-7.41731,12.9988,3.15782,-0.217287,-0.00352604,0.0324523,0.217316
420,-7.63445,12.9906,3.2065,-0.216858,-0.0140949,0.0649046,0.217316
421,-7.85056,12.9683,3.28763,-0.215003,-0.0316231,0.0973569,0.217316
422,-8.06342,12.9251,3.40121,-0.210033,-0.0557875,0.129809,0.217316
423,-8.26883,12.8548,3.54725,-0.199679,-0.0857571,0.162262,0.217316
424,-8.4601,12.7522,3.72573,-0.181282,-0.119846,0.194714,0.217316
425,-8.62971,12.6147,3.93661,-0.15218,-0.155137,0.224391,0.217316
426,-8.76449,12.4425,4.14478,-0.116833,-0.183238,0.191939,0.217316
427,-8.86374,12.2481,4.32049,-0.0830021,-0.20084,0.159486,0.217316
428,-8.93072,12.0406,4.46375,-0.0534777,-0.210633,0.127034,0.217316
429,-8.97082,11.8266,4.57456,-0.0298576,-0.215255,0.0945818,0.217316
430,-8.9905,11.6099,4.65292,-0.0129168,-0.216932,0.0621295,0.217316
431,-8.99668,11.3926,4.69882,-0.00294882,-0.217296,0.0296772,0.217316
432,-8.9964,11.1752,4.71227,-2.57859e-05,-0.217316,-0.00277513,0.217316
433,-9,10.9438,-1.5708,9.2558e-15,-0.299457,0,0.299457
434,-9,10.6439,-1.5708,9.27258e-15,-0.3,0,0.3
435,-9,10.3439,-1.5708,9.27258e-15,-0.3,0,0.3
436,-9,10.0439,-1.5708,9.27258e-15,-0.3,0,0.3
437,-9,9.74386,-1.5708,9.27258e-15,-0.3,0,0.3
438,-9,9.44386,-1.5708,9.27258e-15,-0.3,0,0.3
439,-9,9.14386,-1.5708,9.27258e-15,-0.3,0,0.3
440,-9,8.84386,-1.5708,9.27258e-15,-0.3,0,0.3
441,-9,8.54386,-1.5708,9.27258e-15,-0.3,0,0.3
442,-9,8.24386,-1.5708,9.27258e-15,-0.3,0,0.3
443,-9,7.94386,-1.5708,9.27258e-15,-0.3,0,0.3
444,-9,7.64386,-1.5708,9.27258e-15,-0.3,0,0.3
445,-9,7.34386,-1.5708,9.27258e-15,-0.3,0,0.3
446,-9,7.04386,-1.5708,9.27258e-15,-0.3,0,0.3
447,-9,6.74386,-1.5708,9.27258e-15,-0.3,0,0.3
448,-9,6.44386,-1.5708,9.27258e-15,-0.3,0,0.3
449,-9,6.14386,-1.5708,9.27258e-15,-0.3,0,0.3
450,-9,5.84386,-1.5708,9.27258e-15,-0.3,0,0.3
451,-9,5.54386,-1.5708,9.27258e-15,-0.3,0,0.3
452,-9,5.24386,-1.5708,9.27258e-15,-0.3,0,0.3
453,-9,4.94386,-1.5708,9.27258e-15,-0.3,0,0.3
454,-9,4.64386,-1.5708,9.27258e-15,-0.3,0,0.3
455,-9,4.34386,-1.5708,9.27258e-15,-0.3,0,0.3
456,-9,4.04386,-1.5708,9.27258e-15,-0.3,0,0.3
457,-9,3.74386,-1.5708,9.27258e-15,-0.3,0,0.3
458,-9,3.44386,-1.5708,9.27258e-15,-0.3,0,0.3
459,-9,3.14386,-1.5708,9.27258e-15,-0.3,0,0.3
460,-9,2.84386,-1.5708,9.27258e-15,-0.3,0,0.3
461,-9,2.54386,-1.5708,9.27258e-15,-0.3,0,0.3
462,-9,2.24386,-1.5708,9.27258e-15,-0.3,0,0.3
463,-9,1.94386,-1.5708,9.27258e-15,-0.3,0,0.3
464,-9,1.64386,-1.5708,9.27258e-15,-0.3,0,0.3
465,-9,1.35005,-1.5708,8.12798e-15,-0.262968,0,0.262968
466,-9,1.13621,-1.5708,6.53491e-15,-0.211427,0,0.211427
467,-8.99804,1.0033,-1.54088,0.00588392,-0.196628,0.0598305,0.196716
468,-8.98432,0.807132,-1.45114,0.023483,-0.195309,0.119661,0.196716
469,-8.94731,0.614117,-1.30156,0.0523256,-0.189629,0.179491,0.196716
470,-8.8765,0.430975,-1.09215,0.0906024,-0.174609,0.239322,0.196716
471,-8.76442,0.27003,-0.822915,0.133784,-0.144218,0.299152,0.196716
472,-8.60907,0.145823,-0.539773,0.168748,-0.1011,0.254145,0.196716
473,-8.42747,0.0661657,-0.315543,0.187003,-0.0610472,0.194315,0.196716
474,-8.23454,0.0232872,-0.151144,0.194473,-0.0296192,0.134484,0.196716
475,-8.03807,0.00674471,-0.0465746,0.196502,-0.00915864,0.0746537,0.196716
476,-7.84123,0.00492087,-0.00183624,0.196715,-0.000361216,0.0148232,0.196716
477,-7.56091,0,0,0.294938,0,0,0.294938
478,-7.28363,0,0,0.2212,0,0,0.2212
479,-7.0033,0.00196147,0.0299152,0.196628,0.00588392,0.0598305,0.196716
480,-6.80713,0.0156767,0.119661,0.195309,0.023483,0.119661,0.196716
481,-6.61412,0.0526895,0.269237,0.189629,0.0523256,0.179491,0.196716
482,-6.43097,0.123503,0.478644,0.174609,0.0906024,0.239322,0.196716
483,-6.27003,0.235576,0.747881,0.144218,0.133784,0.299152,0.196716
484,-6.14582,0.390931,1.03102,0.1011,0.168748,0.254145,0.196716
485,-6.06617,0.572526,1.25525,0.0610472,0.187003,0.194315,0.196716
486,-6.02329,0.765461,1.41965,0.0296192,0.194473,0.134484,0.196716
487,-6.00674,0.961925,1.52422,0.00915864,0.196502,0.0746537,0.196716
488,-6.00492,1.15877,1.56896,0.000361216,0.196715,0.0148232,0.196716
489,-6,1.43909,1.5708,9.16852e-15,0.294938,0,0.294938
490,-6,1.73877,1.5708,9.32587e-15,0.3,0,0.3
491,-6,2.03877,1.5708,9.32587e-15,0.3,0,0.3
492,-6,2.33877,1.5708,9.32587e-15,0.3,0,0.3
493,-6,2.63877,1.5708,9.32587e-15,0.3,0,0.3
494,-6,2.93877,1.5708,9.32587e-15,0.3,0,0.3
495,-6,3.23877,1.5708,9.32587e-15,0.3,0,0.3
496,-6,3.53877,1.5708,9.32587e-15,0.3,0,0.3
497,-6,3.83877,1.5708,9.32587e-15,0.3,0,0.3
498,-6,4.13877,1.5708,9.32587e-15,0.3,0,0.3
499,-6,4.43877,1.5708,9.32587e-15,0.3,0,0.3
500,-6,4.73877,1.5708,9.32587e-15,0.3,0,0.3
501,-6,5.03877,1.5708,9.32587e-15,0.3,0,0.3
502,-6,5.33877,1.5708,9.32587e-15,0.3,0,0.3
503,-6,5.63877,1.5708,9.32587e-15,0.3,0,0.3
504,-6,5.93877,1.5708,9.32587e-15,0.3,0,0.3
505,-6,6.23877,1.5708,9.32587e-15,0.3,0,0.3
506,-6,6.53877,1.5708,9.32587e-15,0.3,0,0.3
507,-6,6.83877,1.5708,9.32587e-15,0.3,0,0.3
508,-6,7.13877,1.5708,9.32587e-15,0.3,0,0.3
509,-6,7.43877,1.5708,9.32587e-15,0.3,0,0.3
510,-6,7.73877,1.5708,9.32587e-15,0.3,0,0.3
511,-6,8.03877,1.5708,9.32587e-15,0.3,0,0.3
512,-6,8.33877,1.5708,9.32587e-15,0.3,0,0.3
513,-6,8.63877,1.5708,9.32587e-15,0.3,0,0.3
514,-6,8.93877,1.5708,9.32587e-15,0.3,0,0.3
515,-6,9.23877,1.5708,9.32587e-15,0.3,0,0.3
516,-6,9.53877,1.5708,9.32587e-15,0.3,0,0.3
517,-6,9.83877,1.5708,9.32587e-15,0.3,0,0.3
518,-6,10.1388,1.5708,9.32587e-15,0.3,0,0.3
519,-6,10.4388,1.5708,9.32587e-15,0.3,0,0.3
520,-6,10.7388,1.5708,9.32587e-15,0.3,0,0.3
521,-6,11.0361,1.5708,8.67595e-15,0.279093,0,0.279093
522,-6,11.2703,1.5708,7.21286e-15,0.232027,0,0.232027
523,-6.00118,11.4173,1.58702,-0.00352604,0.217287,0.0324523,0.217316
524,-6.0094,11.6344,1.6357,-0.0140949,0.216858,0.0649046,0.217316
525,-6.03169,11.8506,1.71683,-0.0316231,0.215003,0.0973569,0.217316
526,-6.07486,12.0634,1.83041,-0.0557875,0.210033,0.129809,0.217316
527,-6.14521,12.2688,1.97645,-0.0857571,0.199679,0.162262,0.217316
528,-6.24777,12.4601,2.15494,-0.119846,0.181282,0.194714,0.217316
529,-6.38526,12.6297,2.36582,-0.155137,0.15218,0.224391,0.217316
530,-6.55747,12.7645,2.57398,-0.183238,0.116833,0.191939,0.217316
531,-6.75192,12.8637,2.7497,-0.20084,0.0830021,0.159486,0.217316
532,-6.95938,12.9307,2.89296,-0.210633,0.0534777,0.127034,0.217316
533,-7.17341,12.9708,3.00376,-0.215255,0.0298576,0.0945818,0.217316
534,-7.39008,12.9905,3.08212,-0.216932,0.0129168,0.0621295,0.217316
535,-7.60741,12.9967,3.12802,-0.217296,0.00294882,0.0296772,0.217316
536,-7.82475,12.9964,3.14147,-0.217316,2.57859e-05,-0.00277513,0.217316
537,-8.05616,13,3.14159,-0.299457,0,0,0.299457
538,-8.35614,13,3.14159,-0.3,0,0,0.3
539,-8.63524,13,3.14159,-0.229878,0,0,0.229878
540,-8.91731,12.9988,3.15782,-0.217287,-0.00352604,0.0324523,0.217316
541,-9.13445,12.9906,3.2065,-0.216858,-0.0140949,0.0649046,0.217316
542,-9.35056,12.9683,3.28763,-0.215003,-0.0316231,0.0973569,0.217316
543,-9.56342,12.9251,3.40121,-0.210033,-0.0557875,0.129809,0.217316
544,-9.76883,12.8548,3.54725,-0.199679,-0.0857571,0.162262,0.217316
545,-9.9601,12.7522,3.72573,-0.181282,-0.119846,0.194714,0.217316
546,-10.1297,12.6147,3.93661,-0.15218,-0.155137,0.224391,0.217316
547,-10.2645,12.4425,4.14478,-0.116833,-0.183238,0.191939,0.217316
548,-10.3637,12.2481,4.32049,-0.0830021,-0.20084,0.159486,0.217316
549,-10.4307,12.0406,4.46375,-0.0534777,-0.210633,0.127034,0.217316
550,-10.4708,11.8266,4.57456,-0.0298576,-0.215255,0.0945818,0.217316
551,-10.4905,11.6099,4.65292,-0.0129168,-0.216932,0.0621295,0.217316
552,-10.4967,11.3926,4.69882,-0.00294882,-0.217296,0.0296772,0.217316
553,-10.4964,11.1752,4.71227,-2.57859e-05,-0.217316,-0.00277513,0.217316
554,-10.5,10.9438,-1.5708,9.2558e-15,-0.299457,0,0.299457
555,-10.5,10.6439,-1.5708,9.27258e-15,-0.3,0,0.3
556,-10.5,10.3439,-1.5708,9.27258e-15,-0.3,0,0.3
557,-10.5,10.0439,-1.5708,9.27258e-15,-0.3,0,0.3
558,-10.5,9.74386,-1.5708,9.27258e-15,-0.3,0,0.3
559,-10.5,9.44386,-1.5708,9.27258e-15,-0.3,0,0.3
560,-10.5,9.14386,-1.5708,9.27258e-15,-0.3,0,0.3
561,-10.5,8.84386,-1.5708,9.27258e-15,-0.3,0,0.3
562,-10.5,8.54386,-1.5708,9.27258e-15,-0.3,0,0.3
563,-10.5,8.24386,-1.5708,9.27258e-15,-0.3,0,0.3
564,-10.5,7.94386,-1.5708,9.27258e-15,-0.3,0,0.3
565,-10.5,7.64386,-1.5708,9.27258e-15,-0.3,0,0.3
566,-10.5,7.34386,-1.5708,9.27258e-15,-0.3,0,0.3
567,-10.5,7.04386,-1.5708,9.27258e-15,-0.3,0,0.3
568,-10.5,6.74386,-1.5708,9.27258e-15,-0.3,0,0.3
569,-10.5,6.44386,-1.5708,9.27258e-15,-0.3,0,0.3
570,-10.5,6.14386,-1.5708,9.27258e-15,-0.3,0,0.3
571,-10.5,5.84386,-1.5708,9.27258e-15,-0.3,0,0.3
572,-10.5,5.54386,-1.5708,9.27258e-15,-0.3,0,0.3
573,-10.5,5.24386,-1.5708,9.27258e-15,-0.3,0,0.3
574,-10.5,4.94386,-1.5708,9.27258e-15,-0.3,0,0.3
575,-10.5,4.64386,-1.5708,9.27258e-15,-0.3,0,0.3
576,-10.5,4.34386,-1.5708,9.27258e-15,-0.3,0,0.3
577,-10.5,4.04386,-1.5708,9.27258e-15,-0.3,0,0.3
578,-10.5,3.74386,-1.5708,9.27258e-15,-0.3,0,0.3
579,-10.5,3.44386,-1.5708,9.27258e-15,-0.3,0,0.3
580,-10.5,3.14386,-1.5708,9.27258e-15,-0.3,0,0.3
581,-10.5,2.84386,-1.5708,9.27258e-15,-0.3,0,0.3
582,-10.5,2.54386,-1.5708,9.27258e-15,-0.3,0,0.3
583,-10.5,2.24386,-1.5708,9.27258e-15,-0.3,0,0.3
584,-10.5,1.94386,-1.5708,9.27258e-15,-0.3,0,0.3
585,-10.5,1.64386,-1.5708,9.27258e-15,-0.3,0,0.3
586,-10.5,1.35005,-1.5708,8.12798e-15,-0.262968,0,0.262968
587,-10.5,1.13621,-1.5708,6.53491e-15,-0.211427,0,0.211427
588,-10.498,1.0033,-1.54088,0.00588392,-0.196628,0.0598305,0.196716
589,-10.4843,0.807132,-1.45114,0.023483,-0.195309,0.119661,0.196716
590,-10.4473,0.614117,-1.30156,0.0523256,-0.189629,0.179491,0.196716
591,-10.3765,0.430975,-1.09215,0.0906024,-0.174609,0.239322,0.196716
592,-10.2644,0.27003,-0.822915,0.133784,-0.144218,0.299152,0.196716
593,-10.1091,0.145823,-0.539773,0.168748,-0.1011,0.254145,0.196716
594,-9.92747,0.0661657,-0.315543,0.187003,-0.0610472,0.194315,0.196716
595,-9.73454,0.0232872,-0.151144,0.194473,-0.0296192,0.134484,0.196716
596,-9.53807,0.00674471,-0.0465746,0.196502,-0.00915864,0.0746537,0.196716
597,-9.34123,0.00492087,-0.00183624,0.196715,-0.000361216,0.0148232,0.196716
598,-9.06091,0,0,0.294938,0,0,0.294938
599,-8.78363,0,0,0.2212,0,0,0.2212
600,-8.5033,0.00196147,0.0299152,0.196628,0.00588392,0.0598305,0.196716
601,-8.30713,0.0156767,0.119661,0.195309,0.023483,0.119661,0.196716
602,-8.11412,0.0526895,0.269237,0.189629,0.0523256,0.179491,0.196716
603,-7.93097,0.123503,0.478644,0.174609,0.0906024,0.239322,0.196716
604,-7.77003,0.235576,0.747881,0.144218,0.133784,0.299152,0.196716
605,-7.64582,0.390931,1.03102,0.1011,0.168748,0.254145,0.196716
606,-7.56617,0.572526,1.25525,0.0610472,0.187003,0.194315,0.196716
607,-7.52329,0.765461,1.41965,0.0296192,0.194473,0.134484,0.196716
608,-7.50674,0.961925,1.52422,0.00915864,0.196502,0.0746537,0.196716
609,-7.50492,1.15877,1.56896,0.000361216,0.196715,0.0148232,0.196716
610,-7.5,1.43909,1.5708,9.16852e-15,0.294938,0,0.294938
611,-7.5,1.73877,1.5708,9.32587e-15,0.3,0,0.3
612,-7.5,2.03877,1.5708,9.32587e-15,0.3,0,0.3
613,-7.5,2.33877,1.5708,9.32587e-15,0.3,0,0.3
614,-7.5,2.63877,1.5708,9.32587e-15,0.3,0,0.3
615,-7.5,2.93877,1.5708,9.32587e-15,0.3,0,0.3
616,-7.5,3.23877,1.5708,9.32587e-15,0.3,0,0.3
617,-7.5,3.53877,1.5708,9.32587e-15,0.3,0,0.3
618,-7.5,3.83877,1.5708,9.32587e-15,0.3,0,0.3
619,-7.5,4.13877,1.5708,9.32587e-15,0.3,0,0.3
620,-7.5,4.43877,1.5708,9.32587e-15,0.3,0,0.3
621,-7.5,4.73877,1.5708,9.32587e-15,0.3,0,0.3
622,-7.5,5.03877,1.5708,9.32587e-15,0.3,0,0.3
623,-7.5,5.33877,1.5708,9.32587e-15,0.3,0,0.3
624,-7.5,5.63877,1.5708,9.32587e-15,0.3,0,0.3
625,-7.5,5.93877,1.5708,9.32587e-15,0.3,0,0.3
626,-7.5,6.23877,1.5708,9.32587e-15,0.3,0,0.3
627,-7.5,6.53877,1.5708,9.32587e-15,0.3,0,0.3
628,-7.5,6.83877,1.5708,9.32587e-15,0.3,0,0.3
629,-7.5,7.13877,1.5708,9.32587e-15,0.3,0,0.3
630,-7.5,7.43877,1.5708,9.32587e-15,0.3,0,0.3
631,-7.5,7.73877,1.5708,9.32587e-15,0.3,0,0.3
632,-7.5,8.03877,1.5708,9.32587e-15,0.3,0,0.3
633,-7.5,8.33877,1.5708,9.32587e-15,0.3,0,0.3
634,-7.5,8.63877,1.5708,9.32587e-15,0.3,0,0.3
635,-7.5,8.93877,1.5708,9.32587e-15,0.3,0,0.3
636,-7.5,9.23877,1.5708,9.32587e-15,0.3,0,0.3
637,-7.5,9.53877,1.5708,9.32587e-15,0.3,0,0.3
638,-7.5,9.83877,1.5708,9.32587e-15,0.3,0,0.3
639,-7.5,10.1388,1.5708,9.32587e-15,0.3,0,0.3
640,-7.5,10.4388,1.5708,9.32587e-15,0.3,0,0.3
641,-7.5,10.7388,1.5708,9.32587e-15,0.3,0,0.3
642,-7.5,11.0361,1.5708,8.67595e-15,0.279093,0,0.279093
643,-7.5,11.2703,1.5708,7.21286e-15,0.232027,0,0.232027
644,-7.50118,11.4173,1.58702,-0.00352604,0.217287,0.0324523,0.217316
645,-7.5094,11.6344,1.6357,-0.0140949,0.216858,0.0649046,0.217316
646,-7.53169,11.8506,1.71683,-0.0316231,0.215003,0.0973569,0.217316
647,-7.57486,12.0634,1.83041,-0.0557875,0.210033,0.129809,0.217316
648,-7.64521,12.2688,1.97645,-0.0857571,0.199679,0.162262,0.217316
649,-7.74777,12.4601,2.15494,-0.119846,0.181282,0.194714,0.217316
650,-7.88526,12.6297,2.36582,-0.155137,0.15218,0.224391,0.217316
651,-8.05747,12.7645,2.57398,-0.183238,0.116833,0.191939,0.217316
652,-8.25192,12.8637,2.7497,-0.20084,0.0830021,0.159486,0.217316
653,-8.45938,12.9307,2.89296,-0.210633,0.0534777,0.127034,0.217316
654,-8.67341,12.9708,3.00376,-0.215255,0.0298576,0.0945818,0.217316
655,-8.89008,12.9905,3.08212,-0.216932,0.0129168,0.0621295,0.217316
656,-9.10741,12.9967,3.12802,-0.217296,0.00294882,0.0296772,0.217316
657,-9.32475,12.9964,3.14147,-0.217316,2.57859e-05,-0.00277513,0.217316
658,-9.55616,13,3.14159,-0.299457,0,0,0.299457
659,-9.85614,13,3.14159,-0.3,0,0,0.3
660,-10.1352,13,3.14159,-0.229878,0,0,0.229878
661,-10.4173,12.9988,3.15782,-0.217287,-0.00352604,0.0324523,0.217316
662,-10.6344,12.9906,3.2065,-0.216858,-0.0140949,0.0649046,0.217316
663,-10.8506,12.9683,3.28763,-0.215003,-0.0316231,0.0973569,0.217316
664,-11.0634,12.9251,3.40121,-0.210033,-0.0557875,0.129809,0.217316
665,-11.2688,12.8548,3.54725,-0.199679,-0.0857571,0.162262,0.217316
666,-11.4601,12.7522,3.72573,-0.181282,-0.119846,0.194714,0.217316
667,-11.6297,12.6147,3.93661,-0.15218,-0.155137,0.224391,0.217316
668,-11.7645,12.4425,4.14478,-0.116833,-0.183238,0.191939,0.217316
669,-11.8637,12.2481,4.32049,-0.0830021,-0.20084,0.159486,0.217316
670,-11.9307,12.0406,4.46375,-0.0534777,-0.210633,0.127034,0.217316
671,-11.9708,11.8266,4.57456,-0.0298576,-0.215255,0.0945818,0.217316
672,-11.9905,11.6099,4.65292,-0.0129168,-0.216932,0.0621295,0.217316
673,-11.9967,11.3926,4.69882,-0.00294882,-0.217296,0.0296772,0.217316
674,-11.9964,11.1752,4.71227,-2.57859e-05,-0.217316,-0.00277513,0.217316
675,-12,10.9438,-1.5708,9.2558e-15,-0.299457,0,0.299457
676,-12,10.6439,-1.5708,9.27258e-15,-0.3,0,0.3
677,-12,10.3439,-1.5708,9.27258e-15,-0.3,0,0.3
678,-12,10.0439,-1.5708,9.27258e-15,-0.3,0,0.3
679,-12,9.74386,-1.5708,9.27258e-15,-0.3,0,0.3
680,-12,9.44386,-1.5708,9.27258e-15,-0.3,0,0.3
681,-12,9.14386,-1.5708,9.27258e-15,-0.3,0,0.3
682,-12,8.84386,-1.5708,9.27258e-15,-0.3,0,0.3
683,-12,8.54386,-1.5708,9.27258e-15,-0.3,0,0.3
684,-12,8.24386,-1.5708,9.27258e-15,-0.3,0,0.3
685,-12,7.94386,-1.5708,9.27258e-15,-0.3,0,0.3
686,-12,7.64386,-1.5708,9.27258e-15,-0.3,0,0.3
687,-12,7.34386,-1.5708,9.27258e-15,-0.3,0,0.3
688,-12,7.04386,-1.5708,9.27258e-15,-0.3,0,0.3
689,-12,6.74386,-1.5708,9.27258e-15,-0.3,0,0.3
690,-12,6.44386,-1.5708,9.27258e-15,-0.3,0,0.3
691,-12,6.14386,-1.5708,9.27258e-15,-0.3,0,0.3
692,-12,5.84386,-1.5708,9.27258e-15,-0.3,0,0.3
693,-12,5.54386,-1.5708,9.27258e-15,-0.3,0,0.3
694,-12,5.24386,-1.5708,9.27258e-15,-0.3,0,0.3
695,-12,4.94386,-1.5708,9.27258e-15,-0.3,0,0.3
696,-12,4.64386,-1.5708,9.27258e-15,-0.3,0,0.3
697,-12,4.34386,-1.5708,9.27258e-15,-0.3,0,0.3
698,-12,4.04386,-1.5708,9.27258e-15,-0.3,0,0.3
699,-12,3.74386,-1.5708,9.27258e-15,-0.3,0,0.3
700,-12,3.44386,-1.5708,9.27258e-15,-0.3,0,0.3
701,-12,3.14386,-1.5708,9.27258e-15,-0.3,0,0.3
702,-12,2.84386,-1.5708,9.27258e-15,-0.3,0,0.3
703,-12,2.54386,-1.5708,9.27258e-15,-0.3,0,0.3
704,-12,2.24386,-1.5708,9.27258e-15,-0.3,0,0.3
705,-12,1.94386,-1.5708,9.27258e-15,-0.3,0,0.3
706,-12,1.64386,-1.5708,9.27258e-15,-0.3,0,0.3
707,-12,1.35005,-1.5708,8.12798e-15,-0.262968,0,0.262968
708,-12,1.13621,-1.5708,6.53491e-15,-0.211427,0,0.211427
709,-11.998,1.0033,-1.54088,0.00588392,-0.196628,0.0598305,0.196716
710,-11.9843,0.807132,-1.45114,0.023483,-0.195309,0.119661,0.196716
711,-11.9473,0.614117,-1.30156,0.0523256,-0.189629,0.179491,0.196716
712,-11.8765,0.430975,-1.09215,0.0906024,-0.174609,0.239322,0.196716
713,-11.7644,0.27003,-0.822915,0.133784,-0.144218,0.299152,0.196716
714,-11.6091,0.145823,-0.539773,0.168748,-0.1011,0.254145,0.196716
715,-11.4275,0.0661657,-0.315543,0.187003,-0.0610472,0.194315,0.196716
716,-11.2345,0.0232872,-0.151144,0.194473,-0.0296192,0.134484,0.196716
717,-11.0381,0.00674471,-0.0465746,0.196502,-0.00915864,0.0746537,0.196716
718,-10.8412,0.00492087,-0.00183624,0.196715,-0.000361216,0.0148232,0.196716
719,-10.5609,0,0,0.294938,0,0,0.294938
720,-10.2836,0,0,0.2212,0,0,0.2212
721,-10.0033,0.00196147,0.0299152,0.196628,0.00588392,0.0598305,0.196716
722,-9.80713,0.0156767,0.119661,0.195309,0.023483,0.119661,0.196716
723,-9.61412,0.0526895,0.269237,0.189629,0.0523256,0.179491,0.196716
724,-9.43097,0.123503,0.478644,0.174609,0.0906024,0.239322,0.196716
725,-9.27003,0.235576,0.747881,0.144218,0.133784,0.299152,0.196716
726,-9.14582,0.390931,1.03102,0.1011,0.168748,0.254145,0.196716
727,-9.06617,0.572526,1.25525,0.0610472,0.187003,0.194315,0.196716
728,-9.02329,0.765461,1.41965,0.0296192,0.194473,0.134484,0.196716
729,-9.00674,0.961925,1.52422,0.00915864,0.196502,0.0746537,0.196716
730,-9.00492,1.15877,1.56896,0.000361216,0.196715,0.0148232,0.196716
731,-9,1.43909,1.5708,9.16852e-15,0.294938,0,0.294938
732,-9,1.73877,1.5708,9.32587e-15,0.3,0,0.3
733,-9,2.03877,1.5708,9.32587e-15,0.3,0,0.3
734,-9,2.33877,1.5708,9.32587e-15,0.3,0,0.3
735,-9,2.63877,1.5708,9.32587e-15,0.3,0,0.3
736,-9,2.93877,1.5708,9.32587e-15,0.3,0,0.3
737,-9,3.23877,1.5708,9.32587e-15,0.3,0,0.3
738,-9,3.53877,1.5708,9.32587e-15,0.3,0,0.3
739,-9,3.83877,1.5708,9.32587e-15,0.3,0,0.3
740,-9,4.13877,1.5708,9.32587e-15,0.3,0,0.3
741,-9,4.43877,1.5708,9.32587e-15,0.3,0,0.3
742,-9,4.73877,1.5708,9.32587e-15,0.3,0,0.3
743,-9,5.03877,1.5708,9.32587e-15,0.3,0,0.3
744,-9,5.33877,1.5708,9.32587e-15,0.3,0,0.3
745,-9,5.63877,1.5708,9.32587e-15,0.3,0,0.3
746,-9,5.93877,1.5708,9.32587e-15,0.3,0,0.3
747,-9,6.23877,1.5708,9.32587e-15,0.3,0,0.3
748,-9,6.53877,1.5708,9.32587e-15,0.3,0,0.3
749,-9,6.83877,1.5708,9.32587e-15,0.3,0,0.3
750,-9,7.13877,1.5708,9.32587e-15,0.3,0,0.3
751,-9,7.43877,1.5708,9.32587e-15,0.3,0,0.3
752,-9,7.73877,1.5708,9.32587e-15,0.3,0,0.3
753,-9,8.03877,1.5708,9.32587e-15,0.3,0,0.3
754,-9,8.33877,1.5708,9.32587e-15,0.3,0,0.3
755,-9,8.63877,1.5708,9.32587e-15,0.3,0,0.3
756,-9,8.93877,1.5708,9.32587e-15,0.3,0,0.3
757,-9,9.23877,1.5708,9.32587e-15,0.3,0,0.3
758,-9,9.53877,1.5708,9.32587e-15,0.3,0,0.3
759,-9,9.83877,1.5708,9.32587e-15,0.3,0,0.3
760,-9,10.1388,1.5708,9.32587e-15,0.3,0,0.3
761,-9,10.4388,1.5708,9.32587e-15,0.3,0,0.3
762,-9,10.7388,1.5708,9.32587e-15,0.3,0,0.3
763,-9,11.0361,1.5708,8.67595e-15,0.279093,0,0.279093
764,-9,11.2703,1.5708,7.21286e-15,0.232027,0,0.232027
765,-9.00118,11.4173,1.58702,-0.00352604,0.217287,0.0324523,0.217316
766,-9.0094,11.6344,1.6357,-0.0140949,0.216858,0.0649046,0.217316
767,-9.03169,11.8506,1.71683,-0.0316231,0.215003,0.0973569,0.217316
768,-9.07486,12.0634,1.83041,-0.0557875,0.210033,0.129809,0.217316
769,-9.14521,12.2688,1.97645,-0.0857571,0.199679,0.162262,0.217316
770,-9.24777,12.4601,2.15494,-0.119846,0.181282,0.194714,0.217316
771,-9.38526,12.6297,2.36582,-0.155137,0.15218,0.224391,0.217316
772,-9.55747,12.7645,2.57398,-0.183238,0.116833,0.191939,0.217316
773,-9.75192,12.8637,2.7497,-0.20084,0.0830021,0.159486,0.217316
774,-9.95938,12.9307,2.89296,-0.210633,0.0534777,0.127034,0.217316
775,-10.1734,12.9708,3.00376,-0.215255,0.0298576,0.0945818,0.217316
776,-10.3901,12.9905,3.08212,-0.216932,0.0129168,0.0621295,0.217316
777,-10.6074,12.9967,3.12802,-0.217296,0.00294882,0.0296772,0.217316
778,-10.8248,12.9964,3.14147,-0.217316,2.57859e-05,-0.00277513,0.217316
779,-11.0562,13,3.14159,-0.299457,0,0,0.299457
780,-11.3561,13,3.14159,-0.3,0,0,0.3
781,-11.6352,13,3.14159,-0.229878,0,0,0.229878
782,-11.9173,12.9988,3.15782,-0.217287,-0.00352604,0.0324523,0.217316
783,-12.1344,12.9906,3.2065,-0.216858,-0.0140949,0.0649046,0.217316
784,-12.3506,12.9683,3.28763,-0.215003,-0.0316231,0.0973569,0.217316
785,-12.5634,12.9251,3.40121,-0.210033,-0.0557875,0.129809,0.217316
786,-12.7688,12.8548,3.54725,-0.199679,-0.0857571,0.162262,0.217316
787,-12.9601,12.7522,3.72573,-0.181282,-0.119846,0.194714,0.217316
788,-13.1297,12.6147,3.93661,-0.15218,-0.155137,0.224391,0.217316
789,-13.2645,12.4425,4.14478,-0.116833,-0.183238,0.191939,0.217316
790,-13.3637,12.2481,4.32049,-0.0830021,-0.20084,0.159486,0.217316
791,-13.4307,12.0406,4.46375,-0.0534777,-0.210633,0.127034,0.217316
792,-13.4708,11.8266,4.57456,-0.0298576,-0.215255,0.0945818,0.217316
793,-13.4905,11.6099,4.65292,-0.0129168,-0.216932,0.0621295,0.217316
794,-13.4967,11.3926,4.69882,-0.00294882,-0.217296,0.0296772,0.217316
795,-13.4964,11.1752,4.71227,-2.57859e-05,-0.217316,-0.00277513,0.217316
796,-13.5,10.9438,-1.5708,4.93947e-15,-0.299457,0,0.299457
797,-13.5,10.6439,-1.5708,4.94842e-15,-0.3,0,0.3
798,-13.5,10.3439,-1.5708,4.94842e-15,-0.3,0,0.3
799,-13.5,10.0439,-1.5708,4.94842e-15,-0.3,0,0.3
800,-13.5,9.74386,-1.5708,4.94842e-15,-0.3,0,0.3
801,-13.5,9.44386,-1.5708,4.94842e-15,-0.3,0,0.3
802,-13.5,9.14386,-1.5708,4.94842e-15,-0.3,0,0.3
803,-13.5,8.84386,-1.5708,4.94842e-15,-0.3,0,0.3
804,-13.5,8.54386,-1.5708,4.94842e-15,-0.3,0,0.3
805,-13.5,8.24386,-1.5708,4.94842e-15,-0.3,0,0.3
806,-13.5,7.94386,-1.5708,4.94842e-15,-0.3,0,0.3
807,-13.5,7.64386,-1.5708,4.94842e-15,-0.3,0,0.3
808,-13.5,7.34386,-1.5708,4.94842e-15,-0.3,0,0.3
809,-13.5,7.04386,-1.5708,4.94842e-15,-0.3,0,0.3
810,-13.5,6.74386,-1.5708,4.94842e-15,-0.3,0,0.3
811,-13.5,6.44386,-1.5708,4.94842e-15,-0.3,0,0.3
812,-13.5,6.14386,-1.5708,4.94842e-15,-0.3,0,0.3
813,-13.5,5.84386,-1.5708,4.94842e-15,-0.3,0,0.3
814,-13.5,5.54386,-1.5708,4.94842e-15,-0.3,0,0.3
815,-13.5,5.24386,-1.5708,4.94842e-15,-0.3,0,0.3
816,-13.5,4.94386,-1.5708,4.94842e-15,-0.3,0,0.3
817,-13.5,4.64386,-1.5708,4.94842e-15,-0.3,0,0.3
818,-13.5,4.34386,-1.5708,4.94842e-15,-0.3,0,0.3
819,-13.5,4.04386,-1.5708,4.94842e-15,-0.3,0,0.3
820,-13.5,3.74386,-1.5708,4.94842e-15,-0.3,0,0.3
821,-13.5,3.44386,-1.5708,4.94842e-15,-0.3,0,0.3
822,-13.5,3.14386,-1.5708,4.94842e-15,-0.3,0,0.3
823,-13.5,2.84386,-1.5708,4.94842e-15,-0.3,0,0.3
824,-13.5,2.54386,-1.5708,4.94842e-15,-0.3,0,0.3
825,-13.5,2.24386,-1.5708,4.94842e-15,-0.3,0,0.3
826,-13.5,1.94386,-1.5708,4.94842e-15,-0.3,0,0.3
827,-13.5,1.64386,-1.5708,4.94842e-15,-0.3,0,0.3
828,-13.5,1.34386,-1.5708,4.94842e-15,-0.3,0,0.3
829,-13.5,1.04386,-1.5708,4.94842e-15,-0.3,0,0.3
830,-13.5,0.743855,-1.5708,4.94842e-15,-0.3,0,0.3
831,-13.5,0.443855,-1.5708,4.94842e-15,-0.3,0,0.3
832,-13.5,0.15118,-1.5708,4.26551e-15,-0.258598,0,0.258598
833,-13.5,0.0057565,-1.5708,5.81564e-16,-0.0352576,0,0.0352576
